3scale,free_appdirect,"\><img src=x onerror=prompt(133)>""",ac3da614-12f3-4229-9b94-8ce187486797,"\><img src=x onerror=prompt(133)>""",7ee33357-faf6-42f8-bc62-0
3scale,free_appdirect,11,f064b3d8-5c98-4dfd-850b-7169abeb3964,jjk,4a749ae5-dbfb-4614-99a7-0
3scale,free_appdirect,1_development,0d870f62-3c7a-4ed0-88ff-3ac36ea8a682,free 3scali api,68ad4f67-2d39-46a0-946f-0
3scale,free_appdirect,Automotive,fa5355d4-d081-4df3-a719-f5e2c001b6ef,3scale-2683529464,c264c1d2-e413-4654-85e8-0
3scale,free_appdirect,bowei try,6b592937-21b6-4389-926d-3a58f9a7a76b,yy,078b5e6f-b3ce-43dc-9ceb-0
3scale,free_appdirect,calypso,cc3238fe-8e70-4945-99e6-3071debd144a,calypso-api,a9b4df93-4397-4fdb-bc8d-0
3scale,free_appdirect,demonew,aa9842c9-6193-4047-ba1e-68e75c59b444,robin-3scale,b5de2820-d848-404e-93c2-0
3scale,free_appdirect,dev,1e313a0b-0b94-4a27-b434-32d405935c40,people-3scaleapi,15d9f551-7601-4cc0-a031-0
3scale,free_appdirect,DEV,9999ec86-b27a-4253-8c83-edf8be7b753c,3scale_DEV,77e2f513-161b-4432-a79f-0
3scale,free_appdirect,dev,a158fb4f-15b2-451a-b2e5-a95686dc3eb4,test,95d05d29-4c52-463d-b54e-0
3scale,free_appdirect,dev,e8f37a52-0d86-4b2d-8106-af634d64a9b9,myins2,fd78a90c-7285-4c04-928f-0
3scale,free_appdirect,development,007e9f88-b67e-4587-adf6-34bfea51bf19,Ali,0e1e6a0f-f5a5-4b9c-8f2b-0
3scale,free_appdirect,development,00c70fe9-8195-4a1e-b066-026250d870ae,1,5e42c5e4-82ed-444d-ae73-0
3scale,free_appdirect,development,00ff6ca4-dbe9-4a12-9ec6-c644cdfa8cdd,lab1,56331d4c-07a5-4de9-8862-0
3scale,free_appdirect,development,0330d3a2-0b0f-4d87-a841-e577350f04b4,jrapim,e24573dd-f5d5-40a0-9595-0
3scale,free_appdirect,development,05f15f16-3537-4fd0-8849-739b73c317db,3scale,f23abfdf-f7f6-43b6-8e41-0
3scale,free_appdirect,development,09d753ef-f613-4d4e-ad9e-e266d723f875,free_trial,8f7d07ce-6ee5-42da-80
3scale,free_appdirect,development,0c57b4e7-0ebf-4969-bb35-959053ff8df3,proba1,b9cb1ab4-aed5-496c-8343-0
3scale,free_appdirect,development,0edbb30b-9ce3-4820-a74c-6d0257d5dc98,API,6f0d35fc-017d-4264-a8cb-0
3scale,free_appdirect,development,12ecb498-cae4-48d0-87cc-6ca83054319b,testInstance,200dfe3b-ad4d-4910-b9df-0
3scale,free_appdirect,development,13befdcb-0d65-490f-8057-efeee3b3fc26,kevinkennedy,e38d4645-cb6f-4b5f-8f04-0
3scale,free_appdirect,development,145b5c8c-6498-492d-acec-dda2615a0d48,3API,0da77633-0f44-4c86-a353-0
3scale,free_appdirect,development,1498751d-df55-411d-9d4f-0da15f68f51f,API Management,800644a7-3642-4244-0
3scale,free_appdirect,development,149fbe97-af3a-4dd5-a942-779cf089d858,3scale-test,7b38e3b9-7005-4cff-90a7-0
3scale,free_appdirect,development,152800e7-d023-4bee-aba3-eea70b361284,krishna4,47f56e05-2b09-4067-80f4-0
3scale,free_appdirect,development,17731007-6122-42a0-afad-fc10bf061f63,api-gateway,73d8d23d-4b61-4f58-964a-111111111111